,image,etiqueta
0,AFRICAN_CROWNED_CRANE_001.jpg,AFRICAN_CROWNED_CRANE
1,AFRICAN_CROWNED_CRANE_002.jpg,AFRICAN_CROWNED_CRANE
2,AFRICAN_CROWNED_CRANE_003.jpg,AFRICAN_CROWNED_CRANE
3,AFRICAN_CROWNED_CRANE_004.jpg,AFRICAN_CROWNED_CRANE
4,AFRICAN_CROWNED_CRANE_005.jpg,AFRICAN_CROWNED_CRANE
5,AFRICAN_CROWNED_CRANE_006.jpg,AFRICAN_CROWNED_CRANE
6,AFRICAN_CROWNED_CRANE_008.jpg,AFRICAN_CROWNED_CRANE
7,AFRICAN_CROWNED_CRANE_009.jpg,AFRICAN_CROWNED_CRANE
8,AFRICAN_CROWNED_CRANE_012.jpg,AFRICAN_CROWNED_CRANE
9,AFRICAN_CROWNED_CRANE_015.jpg,AFRICAN_CROWNED_CRANE
10,AFRICAN_CROWNED_CRANE_016.jpg,AFRICAN_CROWNED_CRANE
11,AFRICAN_CROWNED_CRANE_017.jpg,AFRICAN_CROWNED_CRANE
12,AFRICAN_CROWNED_CRANE_018.jpg,AFRICAN_CROWNED_CRANE
13,AFRICAN_CROWNED_CRANE_020.jpg,AFRICAN_CROWNED_CRANE
14,AFRICAN_CROWNED_CRANE_021.jpg,AFRICAN_CROWNED_CRANE
15,AFRICAN_CROWNED_CRANE_022.jpg,AFRICAN_CROWNED_CRANE
16,AFRICAN_CROWNED_CRANE_023.jpg,AFRICAN_CROWNED_CRANE
17,AFRICAN_CROWNED_CRANE_024.jpg,AFRICAN_CROWNED_CRANE
18,AFRICAN_CROWNED_CRANE_025.jpg,AFRICAN_CROWNED_CRANE
19,AFRICAN_CROWNED_CRANE_026.jpg,AFRICAN_CROWNED_CRANE
20,AFRICAN_CROWNED_CRANE_027.jpg,AFRICAN_CROWNED_CRANE
21,AFRICAN_CROWNED_CRANE_028.jpg,AFRICAN_CROWNED_CRANE
22,AFRICAN_CROWNED_CRANE_029.jpg,AFRICAN_CROWNED_CRANE
23,AFRICAN_CROWNED_CRANE_031.jpg,AFRICAN_CROWNED_CRANE
24,AFRICAN_CROWNED_CRANE_032.jpg,AFRICAN_CROWNED_CRANE
25,AFRICAN_CROWNED_CRANE_033.jpg,AFRICAN_CROWNED_CRANE
26,AFRICAN_CROWNED_CRANE_034.jpg,AFRICAN_CROWNED_CRANE
27,AFRICAN_CROWNED_CRANE_035.jpg,AFRICAN_CROWNED_CRANE
28,AFRICAN_CROWNED_CRANE_037.jpg,AFRICAN_CROWNED_CRANE
29,AFRICAN_CROWNED_CRANE_039.jpg,AFRICAN_CROWNED_CRANE
30,AFRICAN_CROWNED_CRANE_040.jpg,AFRICAN_CROWNED_CRANE
31,AFRICAN_CROWNED_CRANE_041.jpg,AFRICAN_CROWNED_CRANE
32,AFRICAN_CROWNED_CRANE_042.jpg,AFRICAN_CROWNED_CRANE
33,AFRICAN_CROWNED_CRANE_043.jpg,AFRICAN_CROWNED_CRANE
34,AFRICAN_CROWNED_CRANE_044.jpg,AFRICAN_CROWNED_CRANE
35,AFRICAN_CROWNED_CRANE_045.jpg,AFRICAN_CROWNED_CRANE
36,AFRICAN_CROWNED_CRANE_047.jpg,AFRICAN_CROWNED_CRANE
37,AFRICAN_CROWNED_CRANE_048.jpg,AFRICAN_CROWNED_CRANE
38,AFRICAN_CROWNED_CRANE_049.jpg,AFRICAN_CROWNED_CRANE
39,AFRICAN_CROWNED_CRANE_052.jpg,AFRICAN_CROWNED_CRANE
40,AFRICAN_CROWNED_CRANE_053.jpg,AFRICAN_CROWNED_CRANE
41,AFRICAN_CROWNED_CRANE_054.jpg,AFRICAN_CROWNED_CRANE
42,AFRICAN_CROWNED_CRANE_056.jpg,AFRICAN_CROWNED_CRANE
43,AFRICAN_CROWNED_CRANE_057.jpg,AFRICAN_CROWNED_CRANE
44,AFRICAN_CROWNED_CRANE_058.jpg,AFRICAN_CROWNED_CRANE
45,AFRICAN_CROWNED_CRANE_061.jpg,AFRICAN_CROWNED_CRANE
46,AFRICAN_CROWNED_CRANE_062.jpg,AFRICAN_CROWNED_CRANE
47,AFRICAN_CROWNED_CRANE_063.jpg,AFRICAN_CROWNED_CRANE
48,AFRICAN_CROWNED_CRANE_064.jpg,AFRICAN_CROWNED_CRANE
49,AFRICAN_CROWNED_CRANE_065.jpg,AFRICAN_CROWNED_CRANE
50,AFRICAN_CROWNED_CRANE_066.jpg,AFRICAN_CROWNED_CRANE
51,AFRICAN_CROWNED_CRANE_071.jpg,AFRICAN_CROWNED_CRANE
52,AFRICAN_CROWNED_CRANE_072.jpg,AFRICAN_CROWNED_CRANE
53,AFRICAN_CROWNED_CRANE_073.jpg,AFRICAN_CROWNED_CRANE
54,AFRICAN_CROWNED_CRANE_077.jpg,AFRICAN_CROWNED_CRANE
55,AFRICAN_CROWNED_CRANE_078.jpg,AFRICAN_CROWNED_CRANE
56,AFRICAN_CROWNED_CRANE_079.jpg,AFRICAN_CROWNED_CRANE
57,AFRICAN_CROWNED_CRANE_081.jpg,AFRICAN_CROWNED_CRANE
58,AFRICAN_CROWNED_CRANE_084.jpg,AFRICAN_CROWNED_CRANE
59,AFRICAN_CROWNED_CRANE_085.jpg,AFRICAN_CROWNED_CRANE
60,AFRICAN_CROWNED_CRANE_086.jpg,AFRICAN_CROWNED_CRANE
61,AFRICAN_CROWNED_CRANE_087.jpg,AFRICAN_CROWNED_CRANE
62,AFRICAN_CROWNED_CRANE_088.jpg,AFRICAN_CROWNED_CRANE
63,AFRICAN_CROWNED_CRANE_089.jpg,AFRICAN_CROWNED_CRANE
64,AFRICAN_CROWNED_CRANE_090.jpg,AFRICAN_CROWNED_CRANE
65,AFRICAN_CROWNED_CRANE_091.jpg,AFRICAN_CROWNED_CRANE
66,AFRICAN_CROWNED_CRANE_092.jpg,AFRICAN_CROWNED_CRANE
67,AFRICAN_CROWNED_CRANE_093.jpg,AFRICAN_CROWNED_CRANE
68,AFRICAN_CROWNED_CRANE_094.jpg,AFRICAN_CROWNED_CRANE
69,AFRICAN_CROWNED_CRANE_095.jpg,AFRICAN_CROWNED_CRANE
70,AFRICAN_CROWNED_CRANE_097.jpg,AFRICAN_CROWNED_CRANE
71,AFRICAN_CROWNED_CRANE_098.jpg,AFRICAN_CROWNED_CRANE
72,AFRICAN_CROWNED_CRANE_100.jpg,AFRICAN_CROWNED_CRANE
73,AFRICAN_CROWNED_CRANE_101.jpg,AFRICAN_CROWNED_CRANE
74,AFRICAN_CROWNED_CRANE_102.jpg,AFRICAN_CROWNED_CRANE
75,AFRICAN_CROWNED_CRANE_104.jpg,AFRICAN_CROWNED_CRANE
76,AFRICAN_CROWNED_CRANE_105.jpg,AFRICAN_CROWNED_CRANE
77,AFRICAN_CROWNED_CRANE_106.jpg,AFRICAN_CROWNED_CRANE
78,AFRICAN_CROWNED_CRANE_107.jpg,AFRICAN_CROWNED_CRANE
79,AFRICAN_CROWNED_CRANE_110.jpg,AFRICAN_CROWNED_CRANE
80,AFRICAN_CROWNED_CRANE_113.jpg,AFRICAN_CROWNED_CRANE
81,AFRICAN_CROWNED_CRANE_114.jpg,AFRICAN_CROWNED_CRANE
82,AFRICAN_CROWNED_CRANE_116.jpg,AFRICAN_CROWNED_CRANE
83,AFRICAN_CROWNED_CRANE_119.jpg,AFRICAN_CROWNED_CRANE
84,AFRICAN_CROWNED_CRANE_120.jpg,AFRICAN_CROWNED_CRANE
85,AFRICAN_CROWNED_CRANE_121.jpg,AFRICAN_CROWNED_CRANE
86,AFRICAN_CROWNED_CRANE_123.jpg,AFRICAN_CROWNED_CRANE
87,AFRICAN_CROWNED_CRANE_125.jpg,AFRICAN_CROWNED_CRANE
88,AFRICAN_CROWNED_CRANE_126.jpg,AFRICAN_CROWNED_CRANE
89,AFRICAN_CROWNED_CRANE_127.jpg,AFRICAN_CROWNED_CRANE
90,AFRICAN_CROWNED_CRANE_128.jpg,AFRICAN_CROWNED_CRANE
91,AFRICAN_CROWNED_CRANE_129.jpg,AFRICAN_CROWNED_CRANE
92,AFRICAN_CROWNED_CRANE_131.jpg,AFRICAN_CROWNED_CRANE
93,AFRICAN_CROWNED_CRANE_132.jpg,AFRICAN_CROWNED_CRANE
94,AFRICAN_CROWNED_CRANE_133.jpg,AFRICAN_CROWNED_CRANE
95,AFRICAN_CROWNED_CRANE_134.jpg,AFRICAN_CROWNED_CRANE
96,AFRICAN_CROWNED_CRANE_136.jpg,AFRICAN_CROWNED_CRANE
97,AFRICAN_CROWNED_CRANE_138.jpg,AFRICAN_CROWNED_CRANE
98,AFRICAN_CROWNED_CRANE_139.jpg,AFRICAN_CROWNED_CRANE
99,AFRICAN_CROWNED_CRANE_140.jpg,AFRICAN_CROWNED_CRANE
100,AFRICAN_OYSTER_CATCHER_001.jpg,AFRICAN_OYSTER_CATCHER
101,AFRICAN_OYSTER_CATCHER_002.jpg,AFRICAN_OYSTER_CATCHER
102,AFRICAN_OYSTER_CATCHER_003.jpg,AFRICAN_OYSTER_CATCHER
103,AFRICAN_OYSTER_CATCHER_005.jpg,AFRICAN_OYSTER_CATCHER
104,AFRICAN_OYSTER_CATCHER_006.jpg,AFRICAN_OYSTER_CATCHER
105,AFRICAN_OYSTER_CATCHER_007.jpg,AFRICAN_OYSTER_CATCHER
106,AFRICAN_OYSTER_CATCHER_008.jpg,AFRICAN_OYSTER_CATCHER
107,AFRICAN_OYSTER_CATCHER_010.jpg,AFRICAN_OYSTER_CATCHER
108,AFRICAN_OYSTER_CATCHER_011.jpg,AFRICAN_OYSTER_CATCHER
109,AFRICAN_OYSTER_CATCHER_012.jpg,AFRICAN_OYSTER_CATCHER
110,AFRICAN_OYSTER_CATCHER_014.jpg,AFRICAN_OYSTER_CATCHER
111,AFRICAN_OYSTER_CATCHER_015.jpg,AFRICAN_OYSTER_CATCHER
112,AFRICAN_OYSTER_CATCHER_016.jpg,AFRICAN_OYSTER_CATCHER
113,AFRICAN_OYSTER_CATCHER_021.jpg,AFRICAN_OYSTER_CATCHER
114,AFRICAN_OYSTER_CATCHER_024.jpg,AFRICAN_OYSTER_CATCHER
115,AFRICAN_OYSTER_CATCHER_025.jpg,AFRICAN_OYSTER_CATCHER
116,AFRICAN_OYSTER_CATCHER_026.jpg,AFRICAN_OYSTER_CATCHER
117,AFRICAN_OYSTER_CATCHER_027.jpg,AFRICAN_OYSTER_CATCHER
118,AFRICAN_OYSTER_CATCHER_028.jpg,AFRICAN_OYSTER_CATCHER
119,AFRICAN_OYSTER_CATCHER_029.jpg,AFRICAN_OYSTER_CATCHER
120,AFRICAN_OYSTER_CATCHER_030.jpg,AFRICAN_OYSTER_CATCHER
121,AFRICAN_OYSTER_CATCHER_031.jpg,AFRICAN_OYSTER_CATCHER
122,AFRICAN_OYSTER_CATCHER_032.jpg,AFRICAN_OYSTER_CATCHER
123,AFRICAN_OYSTER_CATCHER_033.jpg,AFRICAN_OYSTER_CATCHER
124,AFRICAN_OYSTER_CATCHER_035.jpg,AFRICAN_OYSTER_CATCHER
125,AFRICAN_OYSTER_CATCHER_036.jpg,AFRICAN_OYSTER_CATCHER
126,AFRICAN_OYSTER_CATCHER_039.jpg,AFRICAN_OYSTER_CATCHER
127,AFRICAN_OYSTER_CATCHER_040.jpg,AFRICAN_OYSTER_CATCHER
128,AFRICAN_OYSTER_CATCHER_041.jpg,AFRICAN_OYSTER_CATCHER
129,AFRICAN_OYSTER_CATCHER_044.jpg,AFRICAN_OYSTER_CATCHER
130,AFRICAN_OYSTER_CATCHER_047.jpg,AFRICAN_OYSTER_CATCHER
131,AFRICAN_OYSTER_CATCHER_048.jpg,AFRICAN_OYSTER_CATCHER
132,AFRICAN_OYSTER_CATCHER_049.jpg,AFRICAN_OYSTER_CATCHER
133,AFRICAN_OYSTER_CATCHER_050.jpg,AFRICAN_OYSTER_CATCHER
134,AFRICAN_OYSTER_CATCHER_051.jpg,AFRICAN_OYSTER_CATCHER
135,AFRICAN_OYSTER_CATCHER_052.jpg,AFRICAN_OYSTER_CATCHER
136,AFRICAN_OYSTER_CATCHER_054.jpg,AFRICAN_OYSTER_CATCHER
137,AFRICAN_OYSTER_CATCHER_055.jpg,AFRICAN_OYSTER_CATCHER
138,AFRICAN_OYSTER_CATCHER_056.jpg,AFRICAN_OYSTER_CATCHER
139,AFRICAN_OYSTER_CATCHER_057.jpg,AFRICAN_OYSTER_CATCHER
140,AFRICAN_OYSTER_CATCHER_059.jpg,AFRICAN_OYSTER_CATCHER
141,AFRICAN_OYSTER_CATCHER_060.jpg,AFRICAN_OYSTER_CATCHER
142,AFRICAN_OYSTER_CATCHER_061.jpg,AFRICAN_OYSTER_CATCHER
143,AFRICAN_OYSTER_CATCHER_064.jpg,AFRICAN_OYSTER_CATCHER
144,AFRICAN_OYSTER_CATCHER_065.jpg,AFRICAN_OYSTER_CATCHER
145,AFRICAN_OYSTER_CATCHER_068.jpg,AFRICAN_OYSTER_CATCHER
146,AFRICAN_OYSTER_CATCHER_069.jpg,AFRICAN_OYSTER_CATCHER
147,AFRICAN_OYSTER_CATCHER_073.jpg,AFRICAN_OYSTER_CATCHER
148,AFRICAN_OYSTER_CATCHER_075.jpg,AFRICAN_OYSTER_CATCHER
149,AFRICAN_OYSTER_CATCHER_076.jpg,AFRICAN_OYSTER_CATCHER
150,AFRICAN_OYSTER_CATCHER_077.jpg,AFRICAN_OYSTER_CATCHER
151,AFRICAN_OYSTER_CATCHER_079.jpg,AFRICAN_OYSTER_CATCHER
152,AFRICAN_OYSTER_CATCHER_080.jpg,AFRICAN_OYSTER_CATCHER
153,AFRICAN_OYSTER_CATCHER_081.jpg,AFRICAN_OYSTER_CATCHER
154,AFRICAN_OYSTER_CATCHER_082.jpg,AFRICAN_OYSTER_CATCHER
155,AFRICAN_OYSTER_CATCHER_084.jpg,AFRICAN_OYSTER_CATCHER
156,AFRICAN_OYSTER_CATCHER_086.jpg,AFRICAN_OYSTER_CATCHER
157,AFRICAN_OYSTER_CATCHER_090.jpg,AFRICAN_OYSTER_CATCHER
158,AFRICAN_OYSTER_CATCHER_092.jpg,AFRICAN_OYSTER_CATCHER
159,AFRICAN_OYSTER_CATCHER_093.jpg,AFRICAN_OYSTER_CATCHER
160,AFRICAN_OYSTER_CATCHER_094.jpg,AFRICAN_OYSTER_CATCHER
161,AFRICAN_OYSTER_CATCHER_095.jpg,AFRICAN_OYSTER_CATCHER
162,AFRICAN_OYSTER_CATCHER_096.jpg,AFRICAN_OYSTER_CATCHER
163,AFRICAN_OYSTER_CATCHER_097.jpg,AFRICAN_OYSTER_CATCHER
164,AFRICAN_OYSTER_CATCHER_100.jpg,AFRICAN_OYSTER_CATCHER
165,AFRICAN_OYSTER_CATCHER_101.jpg,AFRICAN_OYSTER_CATCHER
166,AFRICAN_OYSTER_CATCHER_102.jpg,AFRICAN_OYSTER_CATCHER
167,AFRICAN_OYSTER_CATCHER_103.jpg,AFRICAN_OYSTER_CATCHER
168,AFRICAN_OYSTER_CATCHER_105.jpg,AFRICAN_OYSTER_CATCHER
169,AFRICAN_OYSTER_CATCHER_106.jpg,AFRICAN_OYSTER_CATCHER
170,AFRICAN_OYSTER_CATCHER_109.jpg,AFRICAN_OYSTER_CATCHER
171,AFRICAN_OYSTER_CATCHER_111.jpg,AFRICAN_OYSTER_CATCHER
172,AFRICAN_OYSTER_CATCHER_113.jpg,AFRICAN_OYSTER_CATCHER
173,AFRICAN_OYSTER_CATCHER_114.jpg,AFRICAN_OYSTER_CATCHER
174,AFRICAN_OYSTER_CATCHER_116.jpg,AFRICAN_OYSTER_CATCHER
175,AFRICAN_OYSTER_CATCHER_117.jpg,AFRICAN_OYSTER_CATCHER
176,AFRICAN_OYSTER_CATCHER_119.jpg,AFRICAN_OYSTER_CATCHER
177,AFRICAN_OYSTER_CATCHER_120.jpg,AFRICAN_OYSTER_CATCHER
178,AFRICAN_OYSTER_CATCHER_121.jpg,AFRICAN_OYSTER_CATCHER
179,AFRICAN_OYSTER_CATCHER_122.jpg,AFRICAN_OYSTER_CATCHER
180,AFRICAN_OYSTER_CATCHER_123.jpg,AFRICAN_OYSTER_CATCHER
181,AFRICAN_OYSTER_CATCHER_125.jpg,AFRICAN_OYSTER_CATCHER
182,AFRICAN_OYSTER_CATCHER_126.jpg,AFRICAN_OYSTER_CATCHER
183,AFRICAN_OYSTER_CATCHER_127.jpg,AFRICAN_OYSTER_CATCHER
184,AFRICAN_OYSTER_CATCHER_128.jpg,AFRICAN_OYSTER_CATCHER
185,AFRICAN_OYSTER_CATCHER_130.jpg,AFRICAN_OYSTER_CATCHER
186,AFRICAN_OYSTER_CATCHER_132.jpg,AFRICAN_OYSTER_CATCHER
187,AFRICAN_OYSTER_CATCHER_133.jpg,AFRICAN_OYSTER_CATCHER
188,AFRICAN_OYSTER_CATCHER_134.jpg,AFRICAN_OYSTER_CATCHER
189,AFRICAN_OYSTER_CATCHER_136.jpg,AFRICAN_OYSTER_CATCHER
190,AFRICAN_OYSTER_CATCHER_137.jpg,AFRICAN_OYSTER_CATCHER
191,AFRICAN_OYSTER_CATCHER_138.jpg,AFRICAN_OYSTER_CATCHER
192,AFRICAN_OYSTER_CATCHER_142.jpg,AFRICAN_OYSTER_CATCHER
193,AFRICAN_OYSTER_CATCHER_144.jpg,AFRICAN_OYSTER_CATCHER
194,AFRICAN_OYSTER_CATCHER_148.jpg,AFRICAN_OYSTER_CATCHER
195,AFRICAN_OYSTER_CATCHER_149.jpg,AFRICAN_OYSTER_CATCHER
196,AFRICAN_OYSTER_CATCHER_150.jpg,AFRICAN_OYSTER_CATCHER
197,AFRICAN_OYSTER_CATCHER_151.jpg,AFRICAN_OYSTER_CATCHER
198,AFRICAN_OYSTER_CATCHER_153.jpg,AFRICAN_OYSTER_CATCHER
199,AFRICAN_OYSTER_CATCHER_154.jpg,AFRICAN_OYSTER_CATCHER
200,ALEXANDRINE_PARAKEET_002.jpg,ALEXANDRINE_PARAKEET
201,ALEXANDRINE_PARAKEET_003.jpg,ALEXANDRINE_PARAKEET
202,ALEXANDRINE_PARAKEET_004.jpg,ALEXANDRINE_PARAKEET
203,ALEXANDRINE_PARAKEET_005.jpg,ALEXANDRINE_PARAKEET
204,ALEXANDRINE_PARAKEET_006.jpg,ALEXANDRINE_PARAKEET
205,ALEXANDRINE_PARAKEET_007.jpg,ALEXANDRINE_PARAKEET
206,ALEXANDRINE_PARAKEET_008.jpg,ALEXANDRINE_PARAKEET
207,ALEXANDRINE_PARAKEET_011.jpg,ALEXANDRINE_PARAKEET
208,ALEXANDRINE_PARAKEET_013.jpg,ALEXANDRINE_PARAKEET
209,ALEXANDRINE_PARAKEET_016.jpg,ALEXANDRINE_PARAKEET
210,ALEXANDRINE_PARAKEET_018.jpg,ALEXANDRINE_PARAKEET
211,ALEXANDRINE_PARAKEET_023.jpg,ALEXANDRINE_PARAKEET
212,ALEXANDRINE_PARAKEET_026.jpg,ALEXANDRINE_PARAKEET
213,ALEXANDRINE_PARAKEET_027.jpg,ALEXANDRINE_PARAKEET
214,ALEXANDRINE_PARAKEET_028.jpg,ALEXANDRINE_PARAKEET
215,ALEXANDRINE_PARAKEET_030.jpg,ALEXANDRINE_PARAKEET
216,ALEXANDRINE_PARAKEET_031.jpg,ALEXANDRINE_PARAKEET
217,ALEXANDRINE_PARAKEET_032.jpg,ALEXANDRINE_PARAKEET
218,ALEXANDRINE_PARAKEET_033.jpg,ALEXANDRINE_PARAKEET
219,ALEXANDRINE_PARAKEET_034.jpg,ALEXANDRINE_PARAKEET
220,ALEXANDRINE_PARAKEET_035.jpg,ALEXANDRINE_PARAKEET
221,ALEXANDRINE_PARAKEET_037.jpg,ALEXANDRINE_PARAKEET
222,ALEXANDRINE_PARAKEET_038.jpg,ALEXANDRINE_PARAKEET
223,ALEXANDRINE_PARAKEET_039.jpg,ALEXANDRINE_PARAKEET
224,ALEXANDRINE_PARAKEET_041.jpg,ALEXANDRINE_PARAKEET
225,ALEXANDRINE_PARAKEET_043.jpg,ALEXANDRINE_PARAKEET
226,ALEXANDRINE_PARAKEET_044.jpg,ALEXANDRINE_PARAKEET
227,ALEXANDRINE_PARAKEET_045.jpg,ALEXANDRINE_PARAKEET
228,ALEXANDRINE_PARAKEET_050.jpg,ALEXANDRINE_PARAKEET
229,ALEXANDRINE_PARAKEET_054.jpg,ALEXANDRINE_PARAKEET
230,ALEXANDRINE_PARAKEET_055.jpg,ALEXANDRINE_PARAKEET
231,ALEXANDRINE_PARAKEET_056.jpg,ALEXANDRINE_PARAKEET
232,ALEXANDRINE_PARAKEET_057.jpg,ALEXANDRINE_PARAKEET
233,ALEXANDRINE_PARAKEET_058.jpg,ALEXANDRINE_PARAKEET
234,ALEXANDRINE_PARAKEET_059.jpg,ALEXANDRINE_PARAKEET
235,ALEXANDRINE_PARAKEET_060.jpg,ALEXANDRINE_PARAKEET
236,ALEXANDRINE_PARAKEET_062.jpg,ALEXANDRINE_PARAKEET
237,ALEXANDRINE_PARAKEET_063.jpg,ALEXANDRINE_PARAKEET
238,ALEXANDRINE_PARAKEET_064.jpg,ALEXANDRINE_PARAKEET
239,ALEXANDRINE_PARAKEET_065.jpg,ALEXANDRINE_PARAKEET
240,ALEXANDRINE_PARAKEET_067.jpg,ALEXANDRINE_PARAKEET
241,ALEXANDRINE_PARAKEET_070.jpg,ALEXANDRINE_PARAKEET
242,ALEXANDRINE_PARAKEET_071.jpg,ALEXANDRINE_PARAKEET
243,ALEXANDRINE_PARAKEET_072.jpg,ALEXANDRINE_PARAKEET
244,ALEXANDRINE_PARAKEET_073.jpg,ALEXANDRINE_PARAKEET
245,ALEXANDRINE_PARAKEET_075.jpg,ALEXANDRINE_PARAKEET
246,ALEXANDRINE_PARAKEET_078.jpg,ALEXANDRINE_PARAKEET
247,ALEXANDRINE_PARAKEET_079.jpg,ALEXANDRINE_PARAKEET
248,ALEXANDRINE_PARAKEET_081.jpg,ALEXANDRINE_PARAKEET
249,ALEXANDRINE_PARAKEET_082.jpg,ALEXANDRINE_PARAKEET
250,ALEXANDRINE_PARAKEET_085.jpg,ALEXANDRINE_PARAKEET
251,ALEXANDRINE_PARAKEET_086.jpg,ALEXANDRINE_PARAKEET
252,ALEXANDRINE_PARAKEET_087.jpg,ALEXANDRINE_PARAKEET
253,ALEXANDRINE_PARAKEET_088.jpg,ALEXANDRINE_PARAKEET
254,ALEXANDRINE_PARAKEET_090.jpg,ALEXANDRINE_PARAKEET
255,ALEXANDRINE_PARAKEET_092.jpg,ALEXANDRINE_PARAKEET
256,ALEXANDRINE_PARAKEET_093.jpg,ALEXANDRINE_PARAKEET
257,ALEXANDRINE_PARAKEET_095.jpg,ALEXANDRINE_PARAKEET
258,ALEXANDRINE_PARAKEET_096.jpg,ALEXANDRINE_PARAKEET
259,ALEXANDRINE_PARAKEET_099.jpg,ALEXANDRINE_PARAKEET
260,ALEXANDRINE_PARAKEET_100.jpg,ALEXANDRINE_PARAKEET
261,ALEXANDRINE_PARAKEET_101.jpg,ALEXANDRINE_PARAKEET
262,ALEXANDRINE_PARAKEET_102.jpg,ALEXANDRINE_PARAKEET
263,ALEXANDRINE_PARAKEET_103.jpg,ALEXANDRINE_PARAKEET
264,ALEXANDRINE_PARAKEET_104.jpg,ALEXANDRINE_PARAKEET
265,ALEXANDRINE_PARAKEET_106.jpg,ALEXANDRINE_PARAKEET
266,ALEXANDRINE_PARAKEET_107.jpg,ALEXANDRINE_PARAKEET
267,ALEXANDRINE_PARAKEET_109.jpg,ALEXANDRINE_PARAKEET
268,ALEXANDRINE_PARAKEET_110.jpg,ALEXANDRINE_PARAKEET
269,ALEXANDRINE_PARAKEET_111.jpg,ALEXANDRINE_PARAKEET
270,ALEXANDRINE_PARAKEET_113.jpg,ALEXANDRINE_PARAKEET
271,ALEXANDRINE_PARAKEET_115.jpg,ALEXANDRINE_PARAKEET
272,ALEXANDRINE_PARAKEET_116.jpg,ALEXANDRINE_PARAKEET
273,ALEXANDRINE_PARAKEET_118.jpg,ALEXANDRINE_PARAKEET
274,ALEXANDRINE_PARAKEET_120.jpg,ALEXANDRINE_PARAKEET
275,ALEXANDRINE_PARAKEET_122.jpg,ALEXANDRINE_PARAKEET
276,ALEXANDRINE_PARAKEET_123.jpg,ALEXANDRINE_PARAKEET
277,ALEXANDRINE_PARAKEET_125.jpg,ALEXANDRINE_PARAKEET
278,ALEXANDRINE_PARAKEET_129.jpg,ALEXANDRINE_PARAKEET
279,ALEXANDRINE_PARAKEET_131.jpg,ALEXANDRINE_PARAKEET
280,ALEXANDRINE_PARAKEET_132.jpg,ALEXANDRINE_PARAKEET
281,ALEXANDRINE_PARAKEET_133.jpg,ALEXANDRINE_PARAKEET
282,ALEXANDRINE_PARAKEET_135.jpg,ALEXANDRINE_PARAKEET
283,ALEXANDRINE_PARAKEET_136.jpg,ALEXANDRINE_PARAKEET
284,ALEXANDRINE_PARAKEET_138.jpg,ALEXANDRINE_PARAKEET
285,ALEXANDRINE_PARAKEET_139.jpg,ALEXANDRINE_PARAKEET
286,ALEXANDRINE_PARAKEET_140.jpg,ALEXANDRINE_PARAKEET
287,ALEXANDRINE_PARAKEET_142.jpg,ALEXANDRINE_PARAKEET
288,ALEXANDRINE_PARAKEET_147.jpg,ALEXANDRINE_PARAKEET
289,ALEXANDRINE_PARAKEET_149.jpg,ALEXANDRINE_PARAKEET
290,ALEXANDRINE_PARAKEET_150.jpg,ALEXANDRINE_PARAKEET
291,ALEXANDRINE_PARAKEET_152.jpg,ALEXANDRINE_PARAKEET
292,ALEXANDRINE_PARAKEET_154.jpg,ALEXANDRINE_PARAKEET
293,ALEXANDRINE_PARAKEET_156.jpg,ALEXANDRINE_PARAKEET
294,ALEXANDRINE_PARAKEET_159.jpg,ALEXANDRINE_PARAKEET
295,ALEXANDRINE_PARAKEET_160.jpg,ALEXANDRINE_PARAKEET
296,ALEXANDRINE_PARAKEET_161.jpg,ALEXANDRINE_PARAKEET
297,ALEXANDRINE_PARAKEET_162.jpg,ALEXANDRINE_PARAKEET
298,ALEXANDRINE_PARAKEET_164.jpg,ALEXANDRINE_PARAKEET
299,ALEXANDRINE_PARAKEET_166.jpg,ALEXANDRINE_PARAKEET
300,AMERICAN_FLAMINGO_001.jpg,AMERICAN_FLAMINGO
301,AMERICAN_FLAMINGO_002.jpg,AMERICAN_FLAMINGO
302,AMERICAN_FLAMINGO_005.jpg,AMERICAN_FLAMINGO
303,AMERICAN_FLAMINGO_007.jpg,AMERICAN_FLAMINGO
304,AMERICAN_FLAMINGO_012.jpg,AMERICAN_FLAMINGO
305,AMERICAN_FLAMINGO_014.jpg,AMERICAN_FLAMINGO
306,AMERICAN_FLAMINGO_017.jpg,AMERICAN_FLAMINGO
307,AMERICAN_FLAMINGO_020.jpg,AMERICAN_FLAMINGO
308,AMERICAN_FLAMINGO_022.jpg,AMERICAN_FLAMINGO
309,AMERICAN_FLAMINGO_023.jpg,AMERICAN_FLAMINGO
310,AMERICAN_FLAMINGO_025.jpg,AMERICAN_FLAMINGO
311,AMERICAN_FLAMINGO_027.jpg,AMERICAN_FLAMINGO
312,AMERICAN_FLAMINGO_028.jpg,AMERICAN_FLAMINGO
313,AMERICAN_FLAMINGO_030.jpg,AMERICAN_FLAMINGO
314,AMERICAN_FLAMINGO_032.jpg,AMERICAN_FLAMINGO
315,AMERICAN_FLAMINGO_033.jpg,AMERICAN_FLAMINGO
316,AMERICAN_FLAMINGO_034.jpg,AMERICAN_FLAMINGO
317,AMERICAN_FLAMINGO_035.jpg,AMERICAN_FLAMINGO
318,AMERICAN_FLAMINGO_039.jpg,AMERICAN_FLAMINGO
319,AMERICAN_FLAMINGO_040.jpg,AMERICAN_FLAMINGO
320,AMERICAN_FLAMINGO_041.jpg,AMERICAN_FLAMINGO
321,AMERICAN_FLAMINGO_042.jpg,AMERICAN_FLAMINGO
322,AMERICAN_FLAMINGO_043.jpg,AMERICAN_FLAMINGO
323,AMERICAN_FLAMINGO_044.jpg,AMERICAN_FLAMINGO
324,AMERICAN_FLAMINGO_047.jpg,AMERICAN_FLAMINGO
325,AMERICAN_FLAMINGO_048.jpg,AMERICAN_FLAMINGO
326,AMERICAN_FLAMINGO_049.jpg,AMERICAN_FLAMINGO
327,AMERICAN_FLAMINGO_050.jpg,AMERICAN_FLAMINGO
328,AMERICAN_FLAMINGO_051.jpg,AMERICAN_FLAMINGO
329,AMERICAN_FLAMINGO_052.jpg,AMERICAN_FLAMINGO
330,AMERICAN_FLAMINGO_053.jpg,AMERICAN_FLAMINGO
331,AMERICAN_FLAMINGO_054.jpg,AMERICAN_FLAMINGO
332,AMERICAN_FLAMINGO_055.jpg,AMERICAN_FLAMINGO
333,AMERICAN_FLAMINGO_061.jpg,AMERICAN_FLAMINGO
334,AMERICAN_FLAMINGO_063.jpg,AMERICAN_FLAMINGO
335,AMERICAN_FLAMINGO_064.jpg,AMERICAN_FLAMINGO
336,AMERICAN_FLAMINGO_065.jpg,AMERICAN_FLAMINGO
337,AMERICAN_FLAMINGO_068.jpg,AMERICAN_FLAMINGO
338,AMERICAN_FLAMINGO_070.jpg,AMERICAN_FLAMINGO
339,AMERICAN_FLAMINGO_072.jpg,AMERICAN_FLAMINGO
340,AMERICAN_FLAMINGO_073.jpg,AMERICAN_FLAMINGO
341,AMERICAN_FLAMINGO_074.jpg,AMERICAN_FLAMINGO
342,AMERICAN_FLAMINGO_078.jpg,AMERICAN_FLAMINGO
343,AMERICAN_FLAMINGO_079.jpg,AMERICAN_FLAMINGO
344,AMERICAN_FLAMINGO_081.jpg,AMERICAN_FLAMINGO
345,AMERICAN_FLAMINGO_082.jpg,AMERICAN_FLAMINGO
346,AMERICAN_FLAMINGO_087.jpg,AMERICAN_FLAMINGO
347,AMERICAN_FLAMINGO_088.jpg,AMERICAN_FLAMINGO
348,AMERICAN_FLAMINGO_089.jpg,AMERICAN_FLAMINGO
349,AMERICAN_FLAMINGO_090.jpg,AMERICAN_FLAMINGO
350,AMERICAN_FLAMINGO_091.jpg,AMERICAN_FLAMINGO
351,AMERICAN_FLAMINGO_092.jpg,AMERICAN_FLAMINGO
352,AMERICAN_FLAMINGO_093.jpg,AMERICAN_FLAMINGO
353,AMERICAN_FLAMINGO_094.jpg,AMERICAN_FLAMINGO
354,AMERICAN_FLAMINGO_095.jpg,AMERICAN_FLAMINGO
355,AMERICAN_FLAMINGO_097.jpg,AMERICAN_FLAMINGO
356,AMERICAN_FLAMINGO_099.jpg,AMERICAN_FLAMINGO
357,AMERICAN_FLAMINGO_103.jpg,AMERICAN_FLAMINGO
358,AMERICAN_FLAMINGO_104.jpg,AMERICAN_FLAMINGO
359,AMERICAN_FLAMINGO_106.jpg,AMERICAN_FLAMINGO
360,AMERICAN_FLAMINGO_108.jpg,AMERICAN_FLAMINGO
361,AMERICAN_FLAMINGO_110.jpg,AMERICAN_FLAMINGO
362,AMERICAN_FLAMINGO_114.jpg,AMERICAN_FLAMINGO
363,AMERICAN_FLAMINGO_116.jpg,AMERICAN_FLAMINGO
364,AMERICAN_FLAMINGO_118.jpg,AMERICAN_FLAMINGO
365,AMERICAN_FLAMINGO_119.jpg,AMERICAN_FLAMINGO
366,AMERICAN_FLAMINGO_120.jpg,AMERICAN_FLAMINGO
367,AMERICAN_FLAMINGO_121.jpg,AMERICAN_FLAMINGO
368,AMERICAN_FLAMINGO_122.jpg,AMERICAN_FLAMINGO
369,AMERICAN_FLAMINGO_124.jpg,AMERICAN_FLAMINGO
370,AMERICAN_FLAMINGO_125.jpg,AMERICAN_FLAMINGO
371,AMERICAN_FLAMINGO_126.jpg,AMERICAN_FLAMINGO
372,AMERICAN_FLAMINGO_128.jpg,AMERICAN_FLAMINGO
373,AMERICAN_FLAMINGO_129.jpg,AMERICAN_FLAMINGO
374,AMERICAN_FLAMINGO_130.jpg,AMERICAN_FLAMINGO
375,AMERICAN_FLAMINGO_131.jpg,AMERICAN_FLAMINGO
376,AMERICAN_FLAMINGO_133.jpg,AMERICAN_FLAMINGO
377,AMERICAN_FLAMINGO_134.jpg,AMERICAN_FLAMINGO
378,AMERICAN_FLAMINGO_135.jpg,AMERICAN_FLAMINGO
379,AMERICAN_FLAMINGO_136.jpg,AMERICAN_FLAMINGO
380,AMERICAN_FLAMINGO_137.jpg,AMERICAN_FLAMINGO
381,AMERICAN_FLAMINGO_138.jpg,AMERICAN_FLAMINGO
382,AMERICAN_FLAMINGO_139.jpg,AMERICAN_FLAMINGO
383,AMERICAN_FLAMINGO_140.jpg,AMERICAN_FLAMINGO
384,AMERICAN_FLAMINGO_142.jpg,AMERICAN_FLAMINGO
385,AMERICAN_FLAMINGO_143.jpg,AMERICAN_FLAMINGO
386,AMERICAN_FLAMINGO_144.jpg,AMERICAN_FLAMINGO
387,AMERICAN_FLAMINGO_145.jpg,AMERICAN_FLAMINGO
388,AMERICAN_FLAMINGO_146.jpg,AMERICAN_FLAMINGO
389,AMERICAN_FLAMINGO_147.jpg,AMERICAN_FLAMINGO
390,AMERICAN_FLAMINGO_151.jpg,AMERICAN_FLAMINGO
391,AMERICAN_FLAMINGO_154.jpg,AMERICAN_FLAMINGO
392,AMERICAN_FLAMINGO_155.jpg,AMERICAN_FLAMINGO
393,AMERICAN_FLAMINGO_157.jpg,AMERICAN_FLAMINGO
394,AMERICAN_FLAMINGO_158.jpg,AMERICAN_FLAMINGO
395,AMERICAN_FLAMINGO_159.jpg,AMERICAN_FLAMINGO
396,AMERICAN_FLAMINGO_160.jpg,AMERICAN_FLAMINGO
397,AMERICAN_FLAMINGO_162.jpg,AMERICAN_FLAMINGO
398,AMERICAN_FLAMINGO_163.jpg,AMERICAN_FLAMINGO
399,AMERICAN_FLAMINGO_164.jpg,AMERICAN_FLAMINGO
400,AMERICAN_GOLDFINCH_001.jpg,AMERICAN_GOLDFINCH
401,AMERICAN_GOLDFINCH_002.jpg,AMERICAN_GOLDFINCH
402,AMERICAN_GOLDFINCH_003.jpg,AMERICAN_GOLDFINCH
403,AMERICAN_GOLDFINCH_004.jpg,AMERICAN_GOLDFINCH
404,AMERICAN_GOLDFINCH_005.jpg,AMERICAN_GOLDFINCH
405,AMERICAN_GOLDFINCH_007.jpg,AMERICAN_GOLDFINCH
406,AMERICAN_GOLDFINCH_008.jpg,AMERICAN_GOLDFINCH
407,AMERICAN_GOLDFINCH_010.jpg,AMERICAN_GOLDFINCH
408,AMERICAN_GOLDFINCH_011.jpg,AMERICAN_GOLDFINCH
409,AMERICAN_GOLDFINCH_015.jpg,AMERICAN_GOLDFINCH
410,AMERICAN_GOLDFINCH_016.jpg,AMERICAN_GOLDFINCH
411,AMERICAN_GOLDFINCH_017.jpg,AMERICAN_GOLDFINCH
412,AMERICAN_GOLDFINCH_018.jpg,AMERICAN_GOLDFINCH
413,AMERICAN_GOLDFINCH_019.jpg,AMERICAN_GOLDFINCH
414,AMERICAN_GOLDFINCH_020.jpg,AMERICAN_GOLDFINCH
415,AMERICAN_GOLDFINCH_021.jpg,AMERICAN_GOLDFINCH
416,AMERICAN_GOLDFINCH_022.jpg,AMERICAN_GOLDFINCH
417,AMERICAN_GOLDFINCH_024.jpg,AMERICAN_GOLDFINCH
418,AMERICAN_GOLDFINCH_025.jpg,AMERICAN_GOLDFINCH
419,AMERICAN_GOLDFINCH_028.jpg,AMERICAN_GOLDFINCH
420,AMERICAN_GOLDFINCH_029.jpg,AMERICAN_GOLDFINCH
421,AMERICAN_GOLDFINCH_030.jpg,AMERICAN_GOLDFINCH
422,AMERICAN_GOLDFINCH_031.jpg,AMERICAN_GOLDFINCH
423,AMERICAN_GOLDFINCH_033.jpg,AMERICAN_GOLDFINCH
424,AMERICAN_GOLDFINCH_035.jpg,AMERICAN_GOLDFINCH
425,AMERICAN_GOLDFINCH_036.jpg,AMERICAN_GOLDFINCH
426,AMERICAN_GOLDFINCH_037.jpg,AMERICAN_GOLDFINCH
427,AMERICAN_GOLDFINCH_038.jpg,AMERICAN_GOLDFINCH
428,AMERICAN_GOLDFINCH_039.jpg,AMERICAN_GOLDFINCH
429,AMERICAN_GOLDFINCH_040.jpg,AMERICAN_GOLDFINCH
430,AMERICAN_GOLDFINCH_041.jpg,AMERICAN_GOLDFINCH
431,AMERICAN_GOLDFINCH_044.jpg,AMERICAN_GOLDFINCH
432,AMERICAN_GOLDFINCH_045.jpg,AMERICAN_GOLDFINCH
433,AMERICAN_GOLDFINCH_049.jpg,AMERICAN_GOLDFINCH
434,AMERICAN_GOLDFINCH_050.jpg,AMERICAN_GOLDFINCH
435,AMERICAN_GOLDFINCH_051.jpg,AMERICAN_GOLDFINCH
436,AMERICAN_GOLDFINCH_052.jpg,AMERICAN_GOLDFINCH
437,AMERICAN_GOLDFINCH_053.jpg,AMERICAN_GOLDFINCH
438,AMERICAN_GOLDFINCH_054.jpg,AMERICAN_GOLDFINCH
439,AMERICAN_GOLDFINCH_055.jpg,AMERICAN_GOLDFINCH
440,AMERICAN_GOLDFINCH_057.jpg,AMERICAN_GOLDFINCH
441,AMERICAN_GOLDFINCH_058.jpg,AMERICAN_GOLDFINCH
442,AMERICAN_GOLDFINCH_061.jpg,AMERICAN_GOLDFINCH
443,AMERICAN_GOLDFINCH_062.jpg,AMERICAN_GOLDFINCH
444,AMERICAN_GOLDFINCH_063.jpg,AMERICAN_GOLDFINCH
445,AMERICAN_GOLDFINCH_064.jpg,AMERICAN_GOLDFINCH
446,AMERICAN_GOLDFINCH_065.jpg,AMERICAN_GOLDFINCH
447,AMERICAN_GOLDFINCH_066.jpg,AMERICAN_GOLDFINCH
448,AMERICAN_GOLDFINCH_067.jpg,AMERICAN_GOLDFINCH
449,AMERICAN_GOLDFINCH_068.jpg,AMERICAN_GOLDFINCH
450,AMERICAN_GOLDFINCH_071.jpg,AMERICAN_GOLDFINCH
451,AMERICAN_GOLDFINCH_072.jpg,AMERICAN_GOLDFINCH
452,AMERICAN_GOLDFINCH_075.jpg,AMERICAN_GOLDFINCH
453,AMERICAN_GOLDFINCH_076.jpg,AMERICAN_GOLDFINCH
454,AMERICAN_GOLDFINCH_077.jpg,AMERICAN_GOLDFINCH
455,AMERICAN_GOLDFINCH_078.jpg,AMERICAN_GOLDFINCH
456,AMERICAN_GOLDFINCH_080.jpg,AMERICAN_GOLDFINCH
457,AMERICAN_GOLDFINCH_081.jpg,AMERICAN_GOLDFINCH
458,AMERICAN_GOLDFINCH_083.jpg,AMERICAN_GOLDFINCH
459,AMERICAN_GOLDFINCH_085.jpg,AMERICAN_GOLDFINCH
460,AMERICAN_GOLDFINCH_086.jpg,AMERICAN_GOLDFINCH
461,AMERICAN_GOLDFINCH_087.jpg,AMERICAN_GOLDFINCH
462,AMERICAN_GOLDFINCH_088.jpg,AMERICAN_GOLDFINCH
463,AMERICAN_GOLDFINCH_089.jpg,AMERICAN_GOLDFINCH
464,AMERICAN_GOLDFINCH_091.jpg,AMERICAN_GOLDFINCH
465,AMERICAN_GOLDFINCH_092.jpg,AMERICAN_GOLDFINCH
466,AMERICAN_GOLDFINCH_094.jpg,AMERICAN_GOLDFINCH
467,AMERICAN_GOLDFINCH_096.jpg,AMERICAN_GOLDFINCH
468,AMERICAN_GOLDFINCH_097.jpg,AMERICAN_GOLDFINCH
469,AMERICAN_GOLDFINCH_098.jpg,AMERICAN_GOLDFINCH
470,AMERICAN_GOLDFINCH_099.jpg,AMERICAN_GOLDFINCH
471,AMERICAN_GOLDFINCH_100.jpg,AMERICAN_GOLDFINCH
472,AMERICAN_GOLDFINCH_101.jpg,AMERICAN_GOLDFINCH
473,AMERICAN_GOLDFINCH_102.jpg,AMERICAN_GOLDFINCH
474,AMERICAN_GOLDFINCH_104.jpg,AMERICAN_GOLDFINCH
475,AMERICAN_GOLDFINCH_105.jpg,AMERICAN_GOLDFINCH
476,AMERICAN_GOLDFINCH_106.jpg,AMERICAN_GOLDFINCH
477,AMERICAN_GOLDFINCH_107.jpg,AMERICAN_GOLDFINCH
478,AMERICAN_GOLDFINCH_108.jpg,AMERICAN_GOLDFINCH
479,AMERICAN_GOLDFINCH_109.jpg,AMERICAN_GOLDFINCH
480,AMERICAN_GOLDFINCH_111.jpg,AMERICAN_GOLDFINCH
481,AMERICAN_GOLDFINCH_113.jpg,AMERICAN_GOLDFINCH
482,AMERICAN_GOLDFINCH_114.jpg,AMERICAN_GOLDFINCH
483,AMERICAN_GOLDFINCH_116.jpg,AMERICAN_GOLDFINCH
484,AMERICAN_GOLDFINCH_117.jpg,AMERICAN_GOLDFINCH
485,AMERICAN_GOLDFINCH_118.jpg,AMERICAN_GOLDFINCH
486,AMERICAN_GOLDFINCH_119.jpg,AMERICAN_GOLDFINCH
487,AMERICAN_GOLDFINCH_120.jpg,AMERICAN_GOLDFINCH
488,AMERICAN_GOLDFINCH_121.jpg,AMERICAN_GOLDFINCH
489,AMERICAN_GOLDFINCH_123.jpg,AMERICAN_GOLDFINCH
490,AMERICAN_GOLDFINCH_125.jpg,AMERICAN_GOLDFINCH
491,AMERICAN_GOLDFINCH_126.jpg,AMERICAN_GOLDFINCH
492,AMERICAN_GOLDFINCH_127.jpg,AMERICAN_GOLDFINCH
493,AMERICAN_GOLDFINCH_128.jpg,AMERICAN_GOLDFINCH
494,AMERICAN_GOLDFINCH_129.jpg,AMERICAN_GOLDFINCH
495,AMERICAN_GOLDFINCH_130.jpg,AMERICAN_GOLDFINCH
496,AMERICAN_GOLDFINCH_131.jpg,AMERICAN_GOLDFINCH
497,AMERICAN_GOLDFINCH_132.jpg,AMERICAN_GOLDFINCH
498,AMERICAN_GOLDFINCH_133.jpg,AMERICAN_GOLDFINCH
499,AMERICAN_GOLDFINCH_134.jpg,AMERICAN_GOLDFINCH
